<class 'src.alexnet.AlexNet'>,<class 'torch.optim.adam.Adam'>,ELU(alpha=1.0),5.714819416633019,2.3652605331861056,2.1316886651210294,2.0892304677229663,1.8097469757764768,1.821128815259689,1.5799504512395615,2.479182265355037,216.1361592922455,2.2029525145506246,63.65401582717895,1.73325500977345,1.4238038851664616,1.4196753367399557,1.3635846211360052,1.2295678404661325,1.5001890732691838,20.23728438890897,2.649860193179204,1.7034982876899916,13.067137376161723,28.20418787858425,1.406547601406391,13187.433823285348,2.237124686363416,1.7324870134011292,5.429553322608655,35.696660503363,2.0652593362025726,5.979774137032337
<class 'src.alexnet.AlexNet'>,<class 'torch.optim.adam.Adam'>,ELU(alpha=1.0),1.9841197392879388,1.6877033374248407,1.8310220058147724,1.575610876083374,1.6224500277103522,1.355129627081064,1.3838571768540602,437.90257556010516,1.9121842781702678,1.516269720517672,1.726981704051678,1.4831748956289046,1.2868725061416626,1.2182844357612805,1.2450711757708819,1.2718454477114556,1.2254201693412585,1.5332414431449695,1.4194057171161358,1.2846639859370697,2.1317430337270102,3.4144634894835644,1.1266651367529845,1.682642203110915,1.4215800273112762,1.187724272410075,1.7586647455508893,1.524697646116599,1.9123708651616023,1.658275041824732
<class 'src.alexnet.AlexNet'>,<class 'torch.optim.adam.Adam'>,LeakyReLU(negative_slope=0.01),1.930421051612267,1.556526675591102,1.3738312042676486,1.2470662612181442,1.1639659203015842,1.0600525687902402,1.0024521485353128,0.957630254366459,1.4670914182296166,1.7838013315812136,1.4825661931282434,1.1060399517034873,0.9223380064352965,0.9419578127371959,1.23078945569503,1.929558908022367,2.015433806639451,7.474713507676736,2.598577451705933,2.384781363682869,1.4999040661714016,1.7880354829323597,1.336628223076845,1.2552745406444257,1.132219553910769,1.087974526331975,1.0904721608528725,1.0567626904218625,1.1836221389281445,2.7677641269488213
<class 'src.alexnet.AlexNet'>,<class 'torch.optim.adam.Adam'>,LeakyReLU(negative_slope=0.01),1.591914476492466,1.5587492508765979,1.2196927804213304,1.1293270389238994,1.108792564807794,1.0370156398186317,1.0071447078998272,0.978345377322955,2.7879196863908033,2.1673712883240137,1.0909900619433477,0.9802874846336169,2.085269185212942,0.8791469289706304,1.1111623675395281,1.1134964991838505,1.335558723180722,1.4048180213341346,1.3034339547157288,1.2803481205915794,1.0397742482332082,1.1425810654958088,1.0778125814902477,1.3467340561059804,1.053128875218905,0.985451015142294,0.9664822129102854,58.70422969108973,1.0895936764203584,1.4503941108018925
<class 'src.alexnet.AlexNet'>,<class 'torch.optim.adam.Adam'>,ReLU(inplace=True),1.8852570008008909,1.4908031194637983,1.3130624104768802,1.1768376973959116,1.0986263623604409,1.0180154173802107,0.9631479651500017,0.927061738112034,0.8820647044059557,0.8330184798974257,0.8025647903100038,0.7780259627562303,0.7600954960554074,0.9200343456023778,0.7425784422801092,0.8224368670047858,0.8319393582833119,0.759935482037373,0.8879762759575477,0.7864573461887164,0.7400329418671436,1.1567736955789418,1.1091926999581165,1.3861616152983445,1.1353852278146987,1.079265471910819,0.9818067199144608,0.9336936950683594,2.385479105435885,1.083918703519381
<class 'src.alexnet.AlexNet'>,<class 'torch.optim.adam.Adam'>,ReLU(inplace=True),1.6470862718728871,1.4309667196029272,1.2518732425494072,1.1661977569262187,1.0968924776101723,1.0764664365695074,1.0866479674975078,1.0094169913194118,1.015352262900426,1.0017321614118724,0.9695345514859909,1.0045036306748023,1.039282914919731,1.004427092197614,1.0257614927414136,1.0219115905272655,1.1054629989159412,1.0254073769618304,0.9813558535698133,1.0782392605757103,0.9853774034059964,1.7823134813553247,1.007881644444588,1.5371973850788214,1.0249792612515962,1.0875453994824336,1.1924918309236183,1.4249789806512685,1.4730425156079805,1.0168495789552345
<class 'src.alexnet.AlexNet'>,<class 'torch.optim.adam.Adam'>,PReLU(num_parameters=1),4.569520856172611,5.840949861819928,5.075349849309677,11.276842801387494,5.316374925466684,51.42361946900686,17.622744358502903,33.40257806288891,478.8636201662895,26.026163322497638,751.8463763322586,153.9474460173876,1165.53064281268,33.262785407213066,59.0393777908423,479.25182493160935,13.445121298080835,21.557514300713173,755.9789733605508,49.14785471818386,44.19967796068925,27.209156688054403,14.629520451716887,42.2223361162039,13.28513826712584,9.260827308434706,8.653946958444058,2.8684391516905565,46.4365947668369,21.903943845553275
<class 'src.alexnet.AlexNet'>,<class 'torch.optim.adam.Adam'>,PReLU(num_parameters=1),2.1174308917461295,2.0428764055936766,2.082232869588412,2.0706606614284024,1.9291118719638922,2.0915718567677035,2.240054735770592,2.1348492059952173,2.452303709127964,2.081233486151084,2.370927040393536,2.074603728758983,2.485557653965094,2.1218323432482205,2.2570845713982215,134.7960711748172,2.399345746407142,2.121975837609707,2.438751599727533,2.334872624812982,2.116073195750897,2.2450328331727247,2.032548439808381,2.3332564891913,2.0819060099430575,2.1739732179886255,2.1462200666085267,1.8896269278648572,2.1529963597273216,2.2329050394204946
<class 'src.alexnet.AlexNet'>,<class 'torch.optim.adam.Adam'>,CELU(alpha=1.0),4.809397059220534,3.695175095093556,2.187171299640949,1.9363607614468306,1.8273340102953788,1.8301146605075933,419.43549688962787,5.361612805342063,23.165858697891235,2.6092546267387196,2.56981536425077,2.5390602515294,2.5136232767349633,4.8442620668655785,2.80895329499856,2.721042601267497,2.6668646898025123,2.4859809141892653,2.521253695854774,2.45275344481835,2.463167207668989,2.48443550329942,2.5046347935994464,2.4857222850506124,2.598521949083377,2.476638280428373,2.454968529481154,2.50742065234062,2.4804061877421844,2.4960672671978292
<class 'src.alexnet.AlexNet'>,<class 'torch.optim.adam.Adam'>,CELU(alpha=1.0),1.9473780943797185,2.0882970797709928,1.832053074469933,1.686598077798501,1.7418816884358723,1.4258912648910131,2.30501123269399,2.5031092778230324,2.419301992807633,2.8837853639553757,2.4277296249683085,2.5190750696720223,2.398367178745759,2.4779121631231065,2.49688397309719,2.408339934471326,2.62929281210288,2.4660197099049888,2.5079253208942904,2.4303567715180225,2.5562087450271997,2.4837813132848496,2.5021823002741885,2.409950996056581,2.403807676755465,2.392460505167643,2.498683580985436,2.4698071968861117,2.4345815303998117,2.40475486486386
<class 'src.alexnet.AlexNet'>,<class 'torch.optim.adam.Adam'>,Softplus(beta=1; threshold=20),3.15841403618837,2.3739827021574365,1.9744935005139082,1.6390954280510928,1.4616165986427894,1.353786562039302,1.2794320864555164,1.2009559402099022,1.1195388949834384,1.1203137571995074,1.092006508509318,0.9748479675023983,0.9114221823521149,0.8610106819715255,0.8739072976968227,0.8070484769649995,0.8392351443950946,0.7793560911447573,0.7470989557412955,0.7503489757195497,0.715965146284837,0.8784204189593975,0.7818457163297213,0.7654428692964407,1.303642160158891,0.7480485035822941,0.7972768584887187,0.7871260841687521,0.958278082884275,0.7643978430674626
<class 'src.alexnet.AlexNet'>,<class 'torch.optim.adam.Adam'>,Softplus(beta=1; threshold=20),2.3897343232081485,2.1446266969045005,1.7253188506150856,1.557076062911596,1.4090037559851623,1.2934882304607294,1.2252076283479347,1.2810989159804125,1.1759629280139239,1.1373583536881666,1.0788244834313025,1.1065484529886491,1.0144484425202394,1.0325159675035722,1.025887295221671,1.0369205459570274,1.0184861681400201,1.0370124547909467,0.9479610629570789,0.9921454466306247,0.9745139556053357,1.1401261335764177,0.9379194562251751,1.0020957115368965,1.031710481032347,1.012416349007533,1.1157217637086525,1.0088436771661808,0.9883816991096888,0.9569413463274637
<class 'src.alexnet.AlexNet'>,<class 'torch.optim.rmsprop.RMSprop'>,ELU(alpha=1.0),289972990796.03235,14480443179.223719,2298781472.896795,678979953.0199419,12452650.34662642,470418963380.0125,1280588745.7247124,45028117.847419836,89074184644.30359,1123691024.719144,31225549881.74837,33180412.77087827,181313613.16158885,5052078.146493686,3853694716077.0684,36640385652.657234,12729772.272457965,5432495.494173275,397912395.5821095,62220139564215.65,5069747.643022273,7219048.789244217,2095809297.6839752,1009496.8134308448,319175.98123309796,105730.25723540477,4965885300.920718,46066565.7424631,1430799.9273135846,500381.01854103286
<class 'src.alexnet.AlexNet'>,<class 'torch.optim.rmsprop.RMSprop'>,ELU(alpha=1.0),19848372.256410256,408677.45673076925,208.4361310127454,34.27221596546662,71.39156282865085,53.759807782295425,55.413794493063904,50.599862123147034,75.62955200977815,47.26867705125075,36.317244896521935,68.08251953125,79.69309860620743,64.26630069047977,300.425300011268,62.99316993126502,61.42517520219852,8405288211.692307,47.6944446074657,119.71151616023137,74.38402831248747,56.78774652725611,43.72304574037209,64.01404747596153,53.19344095083383,66.375729683118,44.07964950952775,56.6294925396259,69.32622449825972,82.70454876239484
<class 'src.alexnet.AlexNet'>,<class 'torch.optim.rmsprop.RMSprop'>,LeakyReLU(negative_slope=0.01),559081165605.299,352003565821.0769,14666441106756.596,36124321024565.83,5830481054726.564,1315063387484.554,7688004241040.738,9214626317248.328,9258814345612.8,4378501169280.6562,6230446656224.492,828463872228176.1,6870951278636.636,12378445025339.076,14437853318170.256,116528821056685.3,10713232288431.918,46966726723541.99,17085229897964.309,910125315852697.6,21977238082229.168,130149037064391.55,38601155582760.695,14985422542002.543,14455372149513.19,23102955003662.44,8049135721676.8,5235902070983.549,20798271010112.33,50045447717431.14
<class 'src.alexnet.AlexNet'>,<class 'torch.optim.rmsprop.RMSprop'>,LeakyReLU(negative_slope=0.01),2109521.9262820515,72725835.8974359,277779965.1282051,2429895089.230769,2035574843.0769231,234459028.5128205,624892686.7692307,1487480402.0512822,103397098942.35898,552391606.9743589,1165855169.6410255,8166160828888.615,4075135468.3076925,117419895676.71794,5643997289.025641,9681448631.794872,6941966572.307693,142547475009.64102,6887115618.461538,37028741592.61539,19706132453.74359,53646145273.4359,17745379879.384617,30436696011.48718,14640888280.615385,21272073872.410255,239838819039.17947,11275470742.97436,37227883073.64103,109849328403.6923
<class 'src.alexnet.AlexNet'>,<class 'torch.optim.rmsprop.RMSprop'>,ReLU(inplace=True),263232216932.96265,7798497.273470101,1297138.1090370594,210135.34576979539,5264.7790945688885,121.65396531911996,17.363905242773203,2.340887328905937,2.5918177164517915,2.4840690735058906,2.327414061472966,2.363247701449272,2.317317372102004,2.3153316791240988,2.3156591464311647,2.358674765855838,2.3162706998678355,2.316423103136894,2.3190148231310723,2.3177426729446804,2.315713966809786,2.3151784285520898,2.3153675629542425,2.3213200899270863,2.3155902471297827,2.315491463587834,2.334150033119397,2.3161923775306117,2.3816741784413655,2.316127456762852
<class 'src.alexnet.AlexNet'>,<class 'torch.optim.rmsprop.RMSprop'>,ReLU(inplace=True),2.3661724542960143,2.362524069272555,2.3616487185160318,2.3616642157236734,2.361902499810243,2.3618709368583484,2.3624418882223277,2.362121899922689,2.362085935397026,2.3623150067451673,2.36225641079438,2.3621997710986014,2.3624996160849547,2.361908625333737,2.362389393341847,2.3626242600954495,2.3621522585550943,2.3619140722812753,2.3616480888464513,2.361657050939707,2.3621725608140993,2.362573421918429,2.3619296000554013,2.3620711473318248,2.3621485111040945,2.362110871535081,2.3615943529667,2.362409457182273,2.3621960908938675,2.3618640960791173
<class 'src.alexnet.AlexNet'>,<class 'torch.optim.rmsprop.RMSprop'>,PReLU(num_parameters=1),1594220634246.2407,14744932316015.074,16169647882328.615,17070375695917.047,14348747933943.959,1019559546280517.6,138694337224661.98,1250420436082562.0,32718176900878.44,344749206476768.5,20187711534085.25,1841818120895755.8,15621736949371.404,656759826173868.0,23438640644584.37,861868283697782.1,13093227293679.59,5641994482496920.0,12581621696999.057,151552442132491.16,33833381163087.426,1124065577537266.2,184259998515824.9,29088607498530.133,94510275797672.05,122367293928434.88,6611338109890956.0,46316495988670.36,536893510313269.8,86509890731575.14
<class 'src.alexnet.AlexNet'>,<class 'torch.optim.rmsprop.RMSprop'>,PReLU(num_parameters=1),2916369.75,1670800856.6153846,105198586.46153846,132976412.1025641,1034648052.5128205,239371006267.07693,266901354443.48718,47214639051.48718,29894084450.46154,320584728155.89746,19964315122.871796,15546666840799.18,12558433805.128204,101467946587.89743,10497569555.692308,162079964133.7436,591379659.4871795,36360868312.61539,2089221428.5128205,1440254384.4102564,544645055.1794872,30299982506.666668,4494763753.025641,330991343.5897436,128387812850.8718,2763701563.076923,21100214114.46154,5790590385.230769,1278435131392.0,5811929783.794871
<class 'src.alexnet.AlexNet'>,<class 'torch.optim.rmsprop.RMSprop'>,CELU(alpha=1.0),422201117183.61304,8747487788.941668,43992246070.772514,5332168344469.882,46806251834.73771,5855387216.834205,484745164.36106217,319714.82045614783,51128799.42176625,25553103706.741158,1283632.7093927627,113069.745603669,416806780.0146524,102088392847.34604,3171271559.502601,39966344.13322361,3941022.676257559,117681.65926337609,934677.8144730593,543343.992799084,357814.9254266788,506704.6372260852,47707.61208003118,114.30089713854667,113.1602048824995,211456.41940691043,498177.731308629,36579.1195973323,58360.45308348827,110.64689499292618
<class 'src.alexnet.AlexNet'>,<class 'torch.optim.rmsprop.RMSprop'>,CELU(alpha=1.0),591026.8060897436,1955374.935897436,14.280532714648125,13.220567825513008,68.91941745464618,36.21167026421963,64.70769940889798,67.04619021293445,63.12438720311874,38.04743175017528,63.292025835086136,64.6074824210925,59.273494329207985,30.057909451998196,76.73887145213591,87.67376082982773,59.722037584353714,59.64783908159305,79.18843841552734,68.71854087633965,77.34154021434294,70.47774877303686,75.36300424429086,44.23221666384966,74.49885676457332,65.17708587646484,45.32629179343199,58.93871483435998,81.73946556678185,70.65248225285457
<class 'src.alexnet.AlexNet'>,<class 'torch.optim.rmsprop.RMSprop'>,Softplus(beta=1; threshold=20),8893762921159.422,2880017.8768573115,200209.7286550045,1228.2070457739708,41.8366797434978,46.71768472378071,2.315326491380349,29.868997310980774,5.744975014221974,2.3152793676425247,2.3152536196586415,2.3153169460785694,2.3152116971138197,2.3152785142262777,2.3152891183510804,2.315331252415975,20.647248790202998,2.3152566530765633,8.48470632479741,2.3153170084341976,2.315295605781751,3.203329997184949,2.315166648228963,2.3153919990246115,2.3153284708658854,2.315230079797598,38.328970330800765,2.315247753338936,2.315385562945635,2.315234812712058
<class 'src.alexnet.AlexNet'>,<class 'torch.optim.rmsprop.RMSprop'>,Softplus(beta=1; threshold=20),3.5358397410466123,3.058416030345819,2.3676199362828183,2.3627592355777054,2.3617157324766502,2.3627230998797293,2.3617661732893724,2.362586681659405,2.3619992488469834,2.3619341422349978,2.3615736288902087,2.3620166839697423,2.3619177647126026,2.3621923251029773,2.3616054486005735,2.362084382619613,2.3623251059116464,2.362194672608987,2.3619780846131153,2.3619947678003554,2.361791751323602,2.362717622365707,2.362120053707025,2.362163531474578,2.362265311754667,2.362014562655718,2.3620471404148984,2.362429686081715,2.3624552213228664,2.36266251710745
<class 'src.alexnet.AlexNet'>,<class 'torch.optim.sgd.SGD'>,ELU(alpha=1.0),2.302601716457269,2.1177297488237037,1.923099169975672,1.8070527205100426,1.6959089786578447,1.5887587101031573,1.5044871495320247,1.4364625729047336,1.3824568815720386,1.3238181591033935,1.2772654184928307,1.2246811279883751,1.180150684943566,1.1370533891213246,1.09089766679666,1.0678188061102842,1.0262350583687807,0.993973252712152,0.9585761430935982,0.924404710989732,0.8933017758222727,0.8588830379339365,0.845817005328643,0.809973083398281,0.777753135179862,0.7552796369943864,0.725624430179596,0.6951669368988428,0.6766424658970955,0.6493955126175514
<class 'src.alexnet.AlexNet'>,<class 'torch.optim.sgd.SGD'>,ELU(alpha=1.0),2.3151064897194886,2.015052141287388,1.8680337086702004,1.793755026964041,1.7101689882767506,1.6037230430505214,1.54084989352104,1.5541197917400262,1.5294091120744362,1.3443466700040376,1.2719885905583699,1.2496707653388,1.2992583421560435,1.2603780459135006,1.3097218764133942,1.2110790992394471,1.0529269744188359,1.187291906430171,1.0419518091739752,1.1524665783613155,1.2268290580847325,0.9439671238263448,1.07689145895151,1.002241557989365,1.0218882117515955,0.9810362412379339,0.9194227074965452,0.9247418473928403,1.3628820822789118,0.9788482143328741
<class 'src.alexnet.AlexNet'>,<class 'torch.optim.sgd.SGD'>,LeakyReLU(negative_slope=0.01),2.314100300960052,2.313233503928551,2.3106965554066194,2.296996539678329,2.244569213573749,2.1544858785775993,2.090350124774835,2.038072196642558,1.9939803209060278,1.9369011194278032,1.8783072563318106,1.838979701506786,1.7893291247196688,1.750210302303999,1.7057254241063045,1.6664039520116953,1.6163027934539012,1.5680521934460372,1.521080448688605,1.478729614844689,1.4305426530348948,1.3750078335786478,1.3316756095641697,1.2997797874303965,1.2589141093767606,1.22222446845128,1.1834411874795572,1.159238835175832,1.1219471020576282,1.0961381007463504
<class 'src.alexnet.AlexNet'>,<class 'torch.optim.sgd.SGD'>,LeakyReLU(negative_slope=0.01),2.36084376848661,2.3593117701701627,2.3540028731028237,2.3228740875537577,2.233523582800841,2.1598370319757705,2.1032957083139663,2.0500655388220763,2.0354162760269947,1.9163614694888775,1.865450626764542,1.8599757506297185,1.86928841089591,1.8614365871136005,1.6807862153420081,1.750644998672681,1.6007930926787548,1.556777217449286,1.4494540844208155,1.4893686985358214,1.390363341722733,1.3334361987236218,1.3613724555724707,1.376731921464969,1.5237460442078419,1.3828188608854244,1.5968314409255981,1.1623199230585344,1.3246413194216216,1.3845063142287426
<class 'src.alexnet.AlexNet'>,<class 'torch.optim.sgd.SGD'>,ReLU(inplace=True),2.3143597908509084,2.3137814705188458,2.312915997627454,2.310565558457986,2.2979814407153007,2.240262482716487,2.153172265566312,2.0893511625436636,2.03576056712713,1.9797118517068717,1.9184050437731621,1.8758532811433841,1.8403321608518943,1.780915229748457,1.7484835123404479,1.7107886222692636,1.6720073443192702,1.6181138986196273,1.573396139878493,1.5224756424243633,1.4712058568612123,1.4179118511004325,1.375833363410754,1.3303079391137147,1.290656560506576,1.257287534689292,1.2258745095668695,1.1947229608511314,1.165996876741067,1.1303859181893177
<class 'src.alexnet.AlexNet'>,<class 'torch.optim.sgd.SGD'>,ReLU(inplace=True),2.3612276040590725,2.360470887942192,2.3589397026942325,2.3539023460485997,2.3244959941277137,2.2265125604776235,2.159560194382301,2.1257475583981247,2.0384399554668327,1.9485078988931117,1.9139193968895154,1.8753740848639073,1.8390860374157245,1.7957468430201213,2.1897525176023827,1.8293546774448493,1.745958135678218,1.595042109489441,1.6290792776988103,1.5662012986647778,1.5730082591374714,1.3976805271246495,1.4019591441521277,1.3696498442918827,1.357808415706341,1.2597724963457158,1.322518492356325,1.2705277510178394,1.250192947876759,1.2145286859610143
<class 'src.alexnet.AlexNet'>,<class 'torch.optim.sgd.SGD'>,PReLU(num_parameters=1),2.3138416388095955,2.3124923192537747,2.308504049594586,2.2862045483711437,2.18079995742211,2.0114039353835276,1.915826591467246,1.8229684945864555,1.7351477726911888,1.6241495107993102,1.5205181482510688,1.4311097328479474,1.351591477027306,1.2663168986638387,1.1939374911479461,1.1080154785743126,1.0374650683158484,0.9724650762020013,0.8971240520477295,0.8424719202212798,0.7758755784768324,0.7024257662968758,0.649831542907617,0.5814554723409506,0.5207359955861018,0.47594299079515995,0.40448710062564946,0.36019331690592643,0.29328881196486645,nan
<class 'src.alexnet.AlexNet'>,<class 'torch.optim.sgd.SGD'>,PReLU(num_parameters=1),2.3603315903590274,2.358072898326776,2.3495615078852725,2.2963984318268604,2.1146707045726285,2.0288280554306812,1.9550775350668492,1.8255185255637536,1.7674873303144405,1.5549462330647004,1.5296911001205444,1.4036904328908675,1.4110780006799943,1.3402873644462,1.2322813822672918,1.215861406081762,1.171839130230439,1.364632092989408,1.260515231352586,1.2089375731272576,1.096356294093988,1.0007307254351103,1.2570461279306657,1.4928221855408106,1.1907463516944494,1.07395267028075,1.0865155764115162,1.2437749122961974,1.7374838132124681,nan
<class 'src.alexnet.AlexNet'>,<class 'torch.optim.sgd.SGD'>,CELU(alpha=1.0),2.302646927955823,2.1046836608495467,1.9135208875705034,1.795146399277907,1.6797457768366888,1.5629519328092918,1.493808921178182,1.430477253595988,1.3783924610186846,1.3186632186938554,1.2780049421848394,1.2222036997477213,1.1762548312162742,1.1328997095425923,1.0970790303670443,1.0609438058657523,1.0214807094671787,0.9844373629643367,0.9508649535668202,0.9202313554592622,0.8864823689827552,0.8607370135111686,0.8264918009440104,0.8050139133746808,0.7768362225630344,0.747245448980576,0.7152853167974031,0.6982540586055853,0.6578799253854997,0.6425555378962786
<class 'src.alexnet.AlexNet'>,<class 'torch.optim.sgd.SGD'>,CELU(alpha=1.0),2.3131257448440943,2.0086279954665747,1.8841207699897962,1.7512691112665029,1.6353909082901783,1.7487876079021356,1.4853368325111194,1.4503867473357763,1.4057230490904589,1.3564773889688344,1.244853105300512,1.2529583130127344,1.3168437908857296,1.3158805125798934,1.250829088382232,1.075607078197675,1.0936050506738515,1.0899144533352974,1.0192811320989559,1.0373288698685474,1.2653809846975865,1.0164088362302535,1.0521564193260975,0.979684666181222,0.9318690865467756,0.990058944775508,0.9855794463402185,0.9890315593817295,0.9689371860944308,0.9964241752257714
<class 'src.alexnet.AlexNet'>,<class 'torch.optim.sgd.SGD'>,Softplus(beta=1; threshold=20),2.5220847178728154,2.378306391300299,2.3552581371405186,2.3462151429592035,2.341254592553163,2.335408576329549,2.3330090437179956,2.3309171297611333,2.329519413679074,2.3288330799494035,2.3263767474736925,2.328063942835881,2.3253910480401454,2.324878889475113,2.324328954403217,2.323876905441284,2.3222289048708404,2.3227467463566707,2.3217995582482756,2.3225908475044448,2.3212168387877634,2.3219491200569347,2.321002550614186,2.3204317643092227,2.3201455262991098,2.320348413173969,2.320081587326832,2.319327573287181,2.31950011131091,2.319286803710155
<class 'src.alexnet.AlexNet'>,<class 'torch.optim.sgd.SGD'>,Softplus(beta=1; threshold=20),2.656794315729386,2.4055798665071144,2.3848495483398438,2.482766567132412,2.40539122850467,2.3751606329893455,2.3863790402045617,2.403875870582385,2.3817022091303115,2.3935979268489738,2.3989320412660255,2.3924582371344933,2.369250383132543,2.3729971738962026,2.37953580954136,2.3856929387801733,2.372067139698909,2.3706486958723803,2.378552828079615,2.3721007933983436,2.371227570069142,2.3667178337390604,2.3688643956795716,2.373264636748876,2.3708666532467575,2.3625845175523024,2.3671547449552097,2.366321814365876,2.363486864627936,2.364533314338097
<function resnet18 at 0x7fbb979a4a60>,<class 'torch.optim.adam.Adam'>,ELU(alpha=1.0),1.2759036727440662,0.9397481918334961,0.7573679899558042,0.6279970777340425,0.536750123439691,0.45316617779242685,0.37901218701631595,0.30806367504291043,0.2545111244305586,0.20213021066708442,0.1633407384921343,0.14082410389032118,0.11454220448548977,0.10025914422212504,0.08648218667277922,0.07634772669810515,0.07232830530175796,0.07128491658621873,0.0652887100688158,0.05669732274344334,0.047790335964124936,0.05173058223265868,0.04982285620405888,0.04299134347969905,0.042599932687022744,0.041122197947249965,0.03642625778626937,0.03749485910894015,0.038514612901669285,0.03075064414849457
<function resnet18 at 0x7fbb979a4a60>,<class 'torch.optim.adam.Adam'>,ELU(alpha=1.0),1.2686339891873872,0.9787960862502073,0.814448356628418,0.7970234889250535,0.7596745628577012,0.7532961781208332,0.745700553441659,0.7181521493654984,0.776085865803254,0.8233039440252842,0.8571017369245871,0.8703370308264707,0.9833197104625213,0.9660160052470672,1.0677054753670325,1.0304042490629048,1.0403134478972509,1.0182799910887694,1.080591735167381,1.1088305574197035,1.111035976654444,1.107765379624489,1.1466854787789857,1.171109485320556,1.096648294192094,1.1366924788707342,1.1211941226934776,1.1686453299644666,1.1684447007301526,1.2152328124413123
<function resnet18 at 0x7fbb979a4a60>,<class 'torch.optim.adam.Adam'>,LeakyReLU(negative_slope=0.01),1.2944651811550825,0.8961641299418914,0.664818016688029,0.5042597850163778,0.38171124030382203,0.28207803743007853,0.21243173395976042,0.16400752403797247,0.13211364734631317,0.11009791768514193,0.09584916744094629,0.07942360078868194,0.07924151624529026,0.06761365993282734,0.05751759943385155,0.059571534137313184,0.05571071918194111,0.05450807480762402,0.0501629544995152,0.04405844311874647,0.03772443729476669,0.042192506725684954,0.03465393168183092,0.03565319335470215,0.034938041722545256,0.033380406958839065,0.03219577827944588,0.03280119311589843,0.0338578775847474,0.029279807137134364
<function resnet18 at 0x7fbb979a4a60>,<class 'torch.optim.adam.Adam'>,LeakyReLU(negative_slope=0.01),1.1975107406958556,0.9166873693466187,0.785242206011063,0.7203836639722189,0.7634431337698911,0.7816464580022372,0.8151842080629789,0.9050783346860837,1.0199622083932927,1.0730120127017682,0.9843809940876105,1.0668978920349708,1.1140868770770538,1.1562304221666777,1.1237934995920231,1.07591025187419,1.1954564864818866,1.1585241831265962,1.362048369187575,1.1641831061778924,1.2062499889960656,1.1490987814389741,1.2142798457390223,1.222491001471495,1.396712260368543,1.2843696115872798,1.2817032688703291,1.2130355559862578,1.2049563099176457,1.354583393304776
<function resnet18 at 0x7fbb979a4a60>,<class 'torch.optim.adam.Adam'>,ReLU(inplace=True),1.2994378031828464,0.8942732982146434,0.6698301867032662,0.5147955432916299,0.38865736279732144,0.288332983927849,0.21204991661585293,0.16002876120500076,0.1359823460571277,0.10937671325145623,0.09605582983543476,0.08925995179093801,0.07592463533465679,0.07022221534489057,0.06364138304040982,0.06137850359082222,0.05009879885862271,0.051076546817635876,0.052937385965234195,0.04218042178843648,0.04136966003152805,0.03968642897044237,0.03547934794034331,0.03382334977101821,0.0336651978130715,0.03568921114962834,0.03443003043723412,0.0280815101085374,0.028544488604156634,0.024499010637354775
<function resnet18 at 0x7fbb979a4a60>,<class 'torch.optim.adam.Adam'>,ReLU(inplace=True),1.1410116201792009,0.9311294983594846,0.7922764099561251,0.733372151851654,0.8154742396794833,0.7916435156113062,0.8260479722267542,0.9544659188160529,0.8615257357939695,1.0036605993906658,1.0025094289046068,1.0417395876004145,1.1922065218289692,1.1348740825286279,1.1336946197045155,1.0840696600767283,1.1936968213472612,1.148448965488336,1.190597965167119,1.2130836034432435,1.2254968499526,1.1404156608459277,1.2001091287686274,1.269193111321865,1.2071105455740905,1.2103508038398547,1.2893290030650604,1.164313942958147,1.3400003421000946,1.2746827189738934
<function resnet18 at 0x7fbb979a4a60>,<class 'torch.optim.adam.Adam'>,PReLU(num_parameters=1),1.2387133029791024,0.8555051063879943,0.6491178203851748,0.4861085642606784,0.344223304436757,0.23500242882814162,0.1694124734172454,0.13374944835519179,0.10982463346459927,0.09617769210002361,0.08391822720758425,0.07831138545312942,0.07462228888120406,0.061447389848912376,0.05625411606847476,0.05370653969450639,0.05247340817004442,0.045904232150851154,0.0463680006372623,0.042014916816678564,0.03853100126800247,0.03765552947536493,0.035420423397460044,0.03419983686449436,0.031108283245553956,0.030762504579690403,0.029303258443728854,0.0303382962798843,0.026884236337187197,0.028341768994831887
<function resnet18 at 0x7fbb979a4a60>,<class 'torch.optim.adam.Adam'>,PReLU(num_parameters=1),1.0048177746626048,1.0065102164561932,0.756817524249737,0.6680569923841037,0.7900214103552011,0.867625036300757,0.8482467226493053,1.0040781971735833,1.0371770018186324,1.0711191204878001,1.2512043882638981,1.0341929617600563,1.1575771402090023,1.1714436534123542,1.2121353974709144,1.1803625699801323,1.2853441540247355,1.132001247161474,1.1961221557397108,1.3075857682105823,1.1879303119121454,1.2491689935708656,1.2642280917901259,1.3851886590321858,1.3581385597204552,1.2957089635042043,1.3121771797155724,1.2502470811208088,1.2167699107756982,1.2236925241274712
<function resnet18 at 0x7fbb979a4a60>,<class 'torch.optim.adam.Adam'>,CELU(alpha=1.0),1.3277753671010335,0.9767056544621785,0.7733196634512681,0.649687827244783,0.5509909554933891,0.46520708677096245,0.3938375862745138,0.3299796065458885,0.2696856222855739,0.2175694051461342,0.17477986407585633,0.14516968448192646,0.12576976699324754,0.1049620909568591,0.09671796661538956,0.08738291099285468,0.08179814778268338,0.06823169774351975,0.06575179484983286,0.05927193603263452,0.05791061636633598,0.05337609576109128,0.047974502333463766,0.04593534299578422,0.04258968823899825,0.042934414266775814,0.042665781978613294,0.04045100104636871,0.035544547042212424,0.03611059866081446
<function resnet18 at 0x7fbb979a4a60>,<class 'torch.optim.adam.Adam'>,CELU(alpha=1.0),1.3661813644262462,1.0871215584950569,0.816402826553736,0.8087215683399103,0.7417376637458801,0.7284944836909955,0.679498030589177,0.6804221547566928,0.7136822083057501,0.7931909973804767,0.8855438354687813,0.8538057422026609,0.9112367370189765,0.9460444427453555,0.9393251202045343,1.015998288606986,0.9729311634332706,1.0662966080200977,1.0962891150743534,1.0896191902649708,1.0844346116750667,1.1522672451459444,1.1446030415021455,1.174555350572635,1.2902653645246456,1.1995468674561915,1.2303582368752894,1.2007974554330876,1.2281794074254158,1.1584623868648822
<function resnet18 at 0x7fbb979a4a60>,<class 'torch.optim.adam.Adam'>,Softplus(beta=1; threshold=20),1.305799769743895,0.9532213425024961,0.7900897353123396,0.6766421295129336,0.5871405017681611,0.5079860138587463,0.44243486324946085,0.3710233273414465,0.31881077602887764,0.26644526697122134,0.2317332638379855,0.18998705924321443,0.16646540692219366,0.13974925107680836,0.1228327349974559,0.10738746013778906,0.10011696356993455,0.09084067851878129,0.08318904872315053,0.07409211656030937,0.06926812357627428,0.06810898000422197,0.056824336898250456,0.05884982931117217,0.05450418693706011,0.05028742981167176,0.05170816103808391,0.043616686393626224,0.04237573625137791,0.040273644775152204
<function resnet18 at 0x7fbb979a4a60>,<class 'torch.optim.adam.Adam'>,Softplus(beta=1; threshold=20),1.6201933989158044,1.0492640687869146,1.104688251629854,0.8680681112485055,0.7770949388161684,0.8338616536213801,0.6722204700494424,0.8649896169320132,0.7439727767919883,0.9424189313864096,0.9741663672985175,1.343985290099413,1.0030749409626691,1.560712484213022,1.367061008245517,1.1843046393149939,1.2905946465638967,1.1541627217561772,1.3676446615121303,1.268849097765409,1.3572614468061006,1.2399682631859412,1.1555613844822614,1.2896463030423873,1.5258524356744227,1.2365804666127913,1.292827647465926,1.363624985401447,1.3699060189418304,1.4033311085823255
<function resnet18 at 0x7fbb979a4a60>,<class 'torch.optim.rmsprop.RMSprop'>,ELU(alpha=1.0),2.379869686640226,2.3908722510704625,2.0458474532151834,1.9076698266542875,1.7298010129194994,1.5567901684687688,1.3555673314974859,1.2304662365179795,1.0944718464826926,1.0371825419939482,0.9002142273462735,0.822089435504033,0.7259454637001722,0.6550153337992155,0.5892673701812059,0.5256230154098609,0.42450314943607037,0.3701857605041602,0.3127400530836521,0.27240595878698887,0.2230889271849241,0.19125666857147827,0.2027390219653264,0.17865375292797883,0.16803086365644748,0.15144043285877276,0.13500134767248081,0.14669638530184062,0.14438498738006902,0.1405824782852179
<function resnet18 at 0x7fbb979a4a60>,<class 'torch.optim.rmsprop.RMSprop'>,ELU(alpha=1.0),2.008468575966664,1.866042094352918,2.219362747974885,1.5964540457114196,1.6750184511527038,1.4213235913178859,1.2520426939695308,1.681969633469215,1.5956448102608705,1.3209120035171509,1.4118900558887384,0.8938159621678866,0.9120753682576693,0.8461305927007626,0.9967725995259408,0.9842873521340199,1.0844087554858282,1.1428783062176826,1.096269694658426,1.563151179215847,1.5548273126284282,1.747165554609054,1.49658098587623,1.4764871368041406,1.6929448598470442,1.7802485533249683,1.7050863412710338,1.705260733763377,1.4965103222773626,2.081345402277433
<function resnet18 at 0x7fbb979a4a60>,<class 'torch.optim.rmsprop.RMSprop'>,LeakyReLU(negative_slope=0.01),2.142934288122715,1.7876248781497661,1.595984622454032,1.306455642137772,1.1004003861011602,0.958689743738908,0.8379108820206079,0.7335111981783158,0.6589404694544964,0.5556849074669373,0.4787546243423071,0.40186732625349975,0.33094170827132,0.2633322664942497,0.22401534177553958,0.17828890113876417,0.17238931510692987,0.15841617662555132,0.14842247579915402,0.12288564372903261,0.10919031021304619,0.10170459237236243,0.10305808195127891,0.09591335826195203,0.08574034341443808,0.08616240743834239,0.09303268537116356,0.09267838085309053,0.07775706391518888,0.08398917312136828
<function resnet18 at 0x7fbb979a4a60>,<class 'torch.optim.rmsprop.RMSprop'>,LeakyReLU(negative_slope=0.01),1.7705482978087206,1.7793777294647999,1.391257921854655,1.5145618120829265,10.448336784656231,1.2555720103092682,1.2092766181016579,0.9184529276994559,0.8804371081865751,1.0753783323825934,0.8418969649534959,1.0421057893679693,1.165181503846095,0.9807783059584789,1.5932044860644219,1.7429188337081518,1.2574869997990437,1.3807553144601674,1.793156657463465,1.7759096714166493,1.3852346401948195,2.0347805596314945,1.364873155569419,1.4901615809171627,1.443766679519262,1.5058090381133251,1.5042959696207292,1.5321455827126136,1.5169702646059868,3.699021278283535
<function resnet18 at 0x7fbb979a4a60>,<class 'torch.optim.rmsprop.RMSprop'>,ReLU(inplace=True),2.147717479559091,1.7778522833799704,1.5152340461046268,1.203889503540137,1.028998682437799,0.8935202207320776,0.7776945835504776,0.6725639431904524,0.5657731160139426,0.4768592267464369,0.3842166097500385,0.29469609848963907,0.24877366030063386,0.19983182346973663,0.1699320212770731,0.16162849714358649,0.1481963496655226,0.12557901789744694,0.11193984803289939,0.09517598806474453,0.10070959110863698,0.09225633341150406,0.08600407523604539,0.08625499214021823,0.08328509372390377,0.07579128169096433,0.07895045436632175,0.07768307109005176,0.06540097977775029,0.0647958907752465
<function resnet18 at 0x7fbb979a4a60>,<class 'torch.optim.rmsprop.RMSprop'>,ReLU(inplace=True),1.877073300190461,1.6646549854523096,1.4128894561376326,1.3242114293269622,1.5050250200124888,1.2807040138122363,0.9516920722447909,1.3093948838038323,0.9594534574410855,0.9567307570041754,0.9408927880800687,1.277109601558783,1.3736130075576978,1.2573542900574513,1.3074567852876124,1.48055071861316,1.459662553591606,1.387541414835514,1.7915571194428663,1.5350137643325024,1.776968702291831,1.6616357901157477,1.5145733876106067,1.5186694035163293,1.4757525951434405,1.740519642829895,1.82394317480234,1.7664433198097425,1.9574632858618712,1.6864898724433703
<function resnet18 at 0x7fbb979a4a60>,<class 'torch.optim.rmsprop.RMSprop'>,PReLU(num_parameters=1),2.176189289948879,2.0275286466647415,1.630159920301193,1.2821894526481628,1.1377745117896643,0.9675322324801714,0.8487416392717606,0.7758437942235897,0.6808983588830019,0.5612501164277395,0.5090467569155571,0.4099992882746917,0.31496097032840437,0.25942960924062974,0.2109507162219439,0.23225833884416483,0.17546235397458076,0.1833141945493527,0.14207515336382084,0.19598256574036219,0.1529692268046813,0.13447906295649517,0.1606113002372858,0.13571699442198643,0.10632787842590075,0.0962063311957396,0.10931828719301101,0.08891573733626268,0.12869319832668855,0.08478055185614489
<function resnet18 at 0x7fbb979a4a60>,<class 'torch.optim.rmsprop.RMSprop'>,PReLU(num_parameters=1),1.9278758886532905,1.689973974839235,1.452529515975561,1.3125540140347602,1.2871838548244574,1.2956818036544018,1.004050999115675,1.0308250425717769,0.9483723961389982,0.9966363876293867,0.9254689323596466,0.9936210069900904,1.127478607189961,1.1007448954459949,1.135319498869089,1.2362668621234405,1.296595417536222,1.6616139564758692,1.390790995879051,1.3517903349338434,1.4758465121953914,1.571960137440608,1.537302553653717,1.4035550279495044,1.5996331969896953,1.7103310181544378,1.7317269215217004,1.7133433268620417,1.442526013423235,1.6001988221437504
<function resnet18 at 0x7fbb979a4a60>,<class 'torch.optim.rmsprop.RMSprop'>,CELU(alpha=1.0),2.3937562013283755,2.4669143511698794,2.149700777958601,1.9078493411724384,1.706273767275688,1.4860721881573016,1.2926422608204378,1.1238826183172372,1.0604903013278277,0.9397550790737836,0.8364964787776653,0.7550487632934864,0.6687189641671303,0.6146437849753942,0.5606233243758861,0.45447451243033776,0.4296333526953673,0.3430851284127969,0.2861594753005566,0.25703123735311706,0.21283026135120636,0.22204078406286545,0.19510402102500965,0.19531926515583808,0.18297913211087385,0.1793344251333903,0.1738931137495316,0.16279777086889133,0.15162776907285055,0.14188673980534078
<function resnet18 at 0x7fbb979a4a60>,<class 'torch.optim.rmsprop.RMSprop'>,CELU(alpha=1.0),2.4491606247730746,1.9809123797294421,1.5930133691200843,1.769929757485023,1.775601924994053,1.4145252735186846,1.2641723920137455,1.0577236979435651,1.1967327075126843,1.0117232341032762,1.087309812888121,0.9637440488888667,0.9238567764942462,1.0385786906266823,0.960978471315824,1.0748856984652007,0.974921953983796,1.5081781439292126,1.117984958184071,1.3420488177201686,1.6115544331379426,1.6658454980605688,1.4665937240307148,1.40992743235368,1.5109708171624403,1.4990437229474385,1.4986999096014562,1.5464253547864082,1.70237528360807,1.7555739726775732
<function resnet18 at 0x7fbb979a4a60>,<class 'torch.optim.rmsprop.RMSprop'>,Softplus(beta=1; threshold=20),5.010303093836858,2.7337966680526735,1.847240984134185,1.43381369358454,1.1983159117209605,1.0360865522653628,0.9192431575212723,0.7996294116362547,0.6966502895722022,0.6052992169673627,0.5211561335967138,0.44718303909668555,0.3746063926281073,0.31101575868251996,0.250322361328663,0.2061201404302548,0.16958396503558526,0.14162026336177802,0.12293911964083329,0.1066396600065323,0.09841931519600061,0.09207363648292347,0.07506469692557285,0.07275050293940764,0.06558013847814156,0.06333775186958986,0.06671227369553004,0.059183852890363105,0.05631683938778364,0.05640285653181565
<function resnet18 at 0x7fbb979a4a60>,<class 'torch.optim.rmsprop.RMSprop'>,Softplus(beta=1; threshold=20),2.541769094956227,2.645987168336526,1.8964870465107453,1.3988905656032073,1.271005120032873,1.286846833351331,1.1764582028755775,0.9834380424939669,1.0850309347495055,1.1514146297405927,0.9638346204390893,0.9386401986464475,0.9030641286801069,0.9811068910818833,1.342698152248676,1.2423662115366032,1.3849701545177362,1.152527657838968,1.5192351952577248,1.3396462538303473,1.635474981405796,1.7590669638071306,2.205027461051941,1.5549420423996754,1.5851271091363368,1.7311305159177535,1.5377277930577595,2.0404444352174416,1.5783801690126076,1.4226559217159565
<function resnet18 at 0x7fce7a7c1510>,<class 'torch.optim.sgd.SGD'>,ELU(alpha=1.0),1.3111347189316382,0.9431938253916227,0.8417002839919848,0.8172889642226391,0.8226837845949027,0.8329623931493515,0.8423740921876369,0.8505494181926434,0.848064014239189,0.8622985928486555,0.8516845907920446,0.8488798783375666,0.8340049254588592,0.8289720633091071,0.8279434506709759,0.8185382213347997,0.7995120412264115,0.7977983783452939,0.7962645558210519,0.7958962773665403,0.7855328532365652,0.76340313293995,0.7581932917619363,0.7496709851118234,0.7486024991059914,0.7509878329741649,0.7487355690736037,0.7441639200235024,0.7448339361410875,0.7300654411315918
<function resnet18 at 0x7fce7a7c1510>,<class 'torch.optim.sgd.SGD'>,ELU(alpha=1.0),1.1722377737363179,0.9902098820759699,0.9534713335526295,1.1122119426727295,1.0363023617328742,1.0477741131415734,1.0012817810743282,1.095729215022845,1.0323736025736883,1.0785079659559789,1.1247132909603608,0.9200277848121448,0.9519816912137545,1.1073954135943682,0.96248636337427,1.0913017422724993,1.0275679230690002,1.0256396211110628,1.0415435280555334,0.9164019960623521,0.9286895119226896,0.9756927123436561,1.1515063628172264,1.0579828986754785,0.9592803793075757,0.8674778174131345,1.0072398567811036,1.0760655754651778,1.0916227438510993,1.1010044094843743
<function resnet18 at 0x7fce7a7c1510>,<class 'torch.optim.sgd.SGD'>,LeakyReLU(negative_slope=0.01),1.4720145953007233,1.0141559188182538,0.8057842086523007,0.6852897170262459,0.6107399235933255,0.5703680333418724,0.5374444999755957,0.5092571639097654,0.48855600723853476,0.4597582601583921,0.4615664793894841,0.44334913675601667,0.4213604390621185,0.4160706876180111,0.4039144919468806,0.4003815131309705,0.38411357349310166,0.381761454924559,0.3731994262108436,0.3707713760626622,0.3574764740772736,0.365266101482587,0.3500531202707535,0.3439950405023037,0.3607642574952199,0.34793007381451435,0.34713960595619986,0.33961624243320565,0.3499976525704066,0.3420891280357654
<function resnet18 at 0x7fce7a7c1510>,<class 'torch.optim.sgd.SGD'>,LeakyReLU(negative_slope=0.01),1.3104982681763477,1.0850804249445598,0.9892412424087524,1.0612600292914953,1.090824802716573,0.8897717656233372,0.8377945193877587,0.8033083249361087,0.7959757661208128,0.8546017561203394,0.7628683967468066,0.7895662402495359,0.9543905991774339,0.8459496054893885,0.7552564786030695,0.8177187534478995,0.8462813404890207,0.9342956321361737,1.0098021427790325,0.87307003675363,0.908397301649436,0.773932953675588,0.8997279848807898,0.8984640790865972,0.8833655944237342,0.8325550250518017,0.8279458223245083,0.7853265007336935,0.8683079114327064,0.7488291072539794
<function resnet18 at 0x7fce7a7c1510>,<class 'torch.optim.sgd.SGD'>,ReLU(inplace=True),1.4915388663609823,1.027747289951031,0.808054009767679,0.6878505168816982,0.6094837427139282,0.5595870964038067,0.5297193088592627,0.5047649745757763,0.47525627200420084,0.471516913939745,0.4645000084852561,0.4360456488835506,0.4322247729087487,0.4117852210234373,0.3951223611831665,0.3848576166690924,0.38950699743552086,0.38752198945253324,0.3719873915115992,0.3640907991390962,0.3668205398779649,0.3619321611447212,0.35177838511956044,0.35668783294848905,0.3470635359868025,0.35129489401976266,0.34354019394287694,0.3456694165101418,0.34373521369237164,0.3296446486925467
<function resnet18 at 0x7fce7a7c1510>,<class 'torch.optim.sgd.SGD'>,ReLU(inplace=True),1.365739752084781,1.1678613821665447,0.991021298445188,1.1440397164760492,1.16851594662055,0.8408994330809667,0.8155873708235912,0.8796176864550664,0.8159612539487008,0.9350769183574579,0.8277159073413947,0.8949273075812902,0.9165582030247419,0.7696411166435633,0.761286891423739,0.8941307832033206,0.8403929151021517,0.7431212327419183,0.8437984463496085,0.913041984423613,0.8206778841140943,1.4765570652790558,0.9667599858381809,0.7786714251224811,0.7050575277744195,0.7716041635244321,0.8014571597942939,0.7521504400632321,0.8050451171703827,0.8730758199324975
<function resnet18 at 0x7fce7a7c1510>,<class 'torch.optim.sgd.SGD'>,PReLU(num_parameters=1),1.3447996481870994,0.9287153039223108,0.7568468112211961,0.6560608011025649,0.6046641502624903,0.5494292681033794,0.5185528247784346,0.4904837599167457,0.4643728221074129,0.44643690845905204,0.43706401334359096,0.42157398011439884,0.41317280202339857,0.3984137162948266,0.39482668661154235,0.3844447910785675,0.3789654350433594,0.3793782140199955,0.3555145181906529,0.36030737520792544,0.36571664794897424,0.34777425657480193,0.3451992462842892,0.34503738780816395,0.3391092672561988,0.33293006465985225,0.3395448852043885,0.33201535176008173,0.33204771394913013,0.3370832942999326
<function resnet18 at 0x7fce7a7c1510>,<class 'torch.optim.sgd.SGD'>,PReLU(num_parameters=1),1.2616789891169622,1.281929367627853,1.0310480686334462,0.9130544815308008,0.9052095841138791,0.8501187165578207,0.8519619336495032,0.9963670984292642,1.4849075812559862,0.9592896088575705,0.9288020852284554,0.7948551177978516,1.3155413346412854,0.955603403922839,0.8719804072991396,0.9563808410595624,0.9028746577409598,0.9874389966328939,0.8862538765638303,0.8045016160378089,0.8127563290106945,1.0621111469391065,1.0989599182055547,0.8141043079205048,0.7956761366281754,0.8374259640008975,0.8500841917135776,0.8760229471402291,1.00340912433771,0.7882739794559968
<function resnet18 at 0x7fce7a7c1510>,<class 'torch.optim.sgd.SGD'>,CELU(alpha=1.0),1.3031169744638296,0.9247304766606061,0.8327871613013439,0.8257043285247607,0.8254208531135168,0.8332099495789944,0.835233763853709,0.8525233036432511,0.8432025227791223,0.8460725194368607,0.8357778998521658,0.8339611881818527,0.8360089564934755,0.81843418494249,0.811838144216782,0.8081010937690735,0.79987782117648,0.7772475777528225,0.7812552904471373,0.7770046741534502,0.7629085870889517,0.7590062810824467,0.7603156594129709,0.7543848743805519,0.7492067719117189,0.7514613444988544,0.7430442409637646,0.7299928408402663,0.7281239515695817,0.7288246393203736
<function resnet18 at 0x7fce7a7c1510>,<class 'torch.optim.sgd.SGD'>,CELU(alpha=1.0),1.1733351884744105,1.0233659423314607,1.0687290368936,1.040544561850719,0.9912459055582682,1.1331376540355194,1.0737260045149388,1.1243898990826728,1.058586556177873,0.9912795042380308,1.0048121534861052,0.9997802896377368,1.0306196686549065,0.9341074839616433,1.2127377192179363,0.9402679831553729,1.040161826671698,0.9632091934864337,1.0789241255858006,1.0708988033808196,0.9555038274862827,0.9547178118656843,1.0856614021154551,0.9365704563947824,0.9162748287885617,0.8972123861312866,0.9415511641746912,0.965311192549192,0.8778203893930484,0.8863359643862798
<function resnet18 at 0x7fce7a7c1510>,<class 'torch.optim.sgd.SGD'>,Softplus(beta=1; threshold=20),1.4972551095180022,1.0956299962141576,0.9674745938716791,0.9241877259352268,0.941322891223125,0.9780735627198831,0.9831864369221223,1.0208953062693278,1.0430999697783054,1.0781010450460973,1.0764231883562527,1.0676771671344072,1.0698025914338918,1.0702584664026895,1.0815246603427788,1.0652870007050343,1.0610511107322498,1.0630643945473892,1.0567319613236648,1.052173040769039,1.0729540687340957,1.0685788603929374,1.0649711055633349,1.0549124173628979,1.0396163426912748,1.0539105681272654,1.0787715972998204,1.0488036033434747,1.0545605048155173,1.0446168804780032
<function resnet18 at 0x7fce7a7c1510>,<class 'torch.optim.sgd.SGD'>,Softplus(beta=1; threshold=20),1.4522891900478265,1.7778534430723925,1.8681091284140563,1.9295195799607496,2.8435594179691415,1.8131435375947218,5.583199983988052,3.829264005025228,4.020705595994607,3.1373592645694046,4.558326672285031,3.4897388250399857,4.001314481099446,6.626165084349803,4.814047996814434,5.307108169946915,5.813865465995593,7.167462300031613,1.8834363390237858,9.365522580269056,7.622609957670554,18.832825293907753,3.1079699381803856,3.008965400549082,11.242055159348707,19.96936964377379,6.100940300868108,3.1560932306142955,2.6929078713441505,3.3752625233087783
<function vgg16_bn at 0x7fbb979b22f0>,<class 'torch.optim.adam.Adam'>,ELU(alpha=1.0),4.097613710623521,2.299831024194375,2.0894187566561575,1.843263837007376,1.6196629670950082,1.4346811918111948,1.248929220590836,1.118944361882332,1.0117170119896912,0.9438120658581074,0.8394768650715168,0.7630605210096408,0.6967502433520097,0.660476666994584,0.6051504903878921,0.5688846034881396,0.5254521651145739,0.45741614065109154,0.7771089602739383,0.5739542400989777,0.3803822058897752,0.35091560513545306,0.3041247119124119,0.8781711758711399,0.3341444160693731,0.30570257756954583,0.24335328730253072,0.2679950786324648,0.19647841510864406,0.1742970483807417
<function vgg16_bn at 0x7fbb979b22f0>,<class 'torch.optim.adam.Adam'>,ELU(alpha=1.0),2.0907315565989566,2.095075610356453,2.0607379155281262,2.153355803245153,1.7996545846645648,1.4149015775093665,1.1955042970486176,1.2203001517515917,1.1119629511466393,1.085399641440465,1.0226052892513764,0.7806874849857428,0.7772166881805811,0.9152648632342999,0.7979009518256555,0.7302677600811689,0.9374800095191369,0.8616389892040155,2.1520915703895764,1.0661423588410401,0.6268380681673685,0.6612933453841087,0.6118565446291214,0.8157563897279593,0.5896137471382434,0.6427942178188226,0.6186593557015444,1.1792864463268182,0.80918676730914,0.6542484645660107
<function vgg16_bn at 0x7fbb979b22f0>,<class 'torch.optim.adam.Adam'>,LeakyReLU(negative_slope=0.01),3.363922155209077,2.017774863732167,1.8063264003166786,1.524034922550886,1.2902662699039167,2.5710746856836173,1.0952028207289868,0.9683796751193511,0.8422698607811561,0.8403771366828527,0.7507686868692056,0.6765025123571738,0.7406581649413475,0.5974085659552844,0.5286345475759262,0.48325912753740946,0.4323277692000071,0.40608085172298625,0.3764330255679595,0.3457922713878827,0.33013668190210294,0.2966242565558507,0.23998486059598434,0.392982679949357,0.2884308571234728,0.2101963649575527,5.829800501236549,0.6241435960699351,0.16836543014416328,0.22221788351352398
<function vgg16_bn at 0x7fbb979b22f0>,<class 'torch.optim.adam.Adam'>,LeakyReLU(negative_slope=0.01),1.9876748476272974,1.8797811147494194,1.7020648075984075,1.3240310412186842,1.3130151736430633,1.450182346197275,0.9954432264352456,1.0301358898480732,0.9249277053735195,0.7863333912996145,0.9448575499730233,1.0820558682466164,0.6607534824273525,0.7009043173912244,0.6034254408799685,0.6848754615355761,0.6435228028358557,0.5481953269396073,0.5714365007021488,0.6158684958250095,0.6933019749629192,0.7434565333219675,0.7850903555368766,0.6606283952028323,0.5572623381247888,0.7194743240490938,0.6403386226067176,3.4641645489594874,0.7359046049607105,0.6449495080189828
<function vgg16_bn at 0x7fbb979b22f0>,<class 'torch.optim.adam.Adam'>,ReLU(inplace=True),3.4450194945702184,2.0502832987369635,1.77270515698653,1.681472747753828,1.6150553874480418,1.4995813210805258,1.353500491533524,1.2267871315662677,1.1275362613873603,1.1328094616914406,1.1143752275369105,0.9315398451609489,0.8894936910042396,0.7773868459921617,0.8197917953515664,0.7097564194446955,0.6507330973943074,0.7067198175650377,0.6574998496434628,0.5988703938630912,0.5786937397259933,0.5867571549537854,0.48098762814815227,0.5829331066363898,0.5158078276194059,0.6040721272810912,0.46858346210076257,0.46560920507479936,0.4877935862694031,0.503353757965259
<function vgg16_bn at 0x7fbb979b22f0>,<class 'torch.optim.adam.Adam'>,ReLU(inplace=True),2.3590114300067606,1.9124811459810307,1.781047182205396,1.6801690321702223,1.5890863614204602,1.6738040814032922,1.3726829534921892,1.376555745418255,1.1251130104064941,1.3461822179647593,0.992812285056481,0.971863893362192,1.0416082602280836,1.0174169188890703,1.046706836957198,1.0116017491389544,0.739672798376817,1.483006341335101,0.7110922199029189,1.1165742232249334,2.1862431176197834,2.8512581403438864,0.681265863088461,0.8246433215263562,1.57470498023889,0.8001118455177698,0.6677625905244778,0.9626379135327462,0.5941465497016907,0.5988909143667954
<function vgg16_bn at 0x7fbb979b22f0>,<class 'torch.optim.adam.Adam'>,PReLU(num_parameters=1),3.202134913053268,2.120313712878105,1.8166652062000372,1.562310136281527,1.3794777625646346,1.172049921292525,1.2831581629239597,1.0126081497241288,2.244742738894927,0.8784711776635585,0.7615656702946394,0.6797814268332262,0.6115952228888487,0.5470571675361731,0.5151167421768873,0.7543331169165097,0.4587226213553013,0.3806140559606063,0.34458716496443137,0.3407207856575648,0.29912435137308563,0.2696418432853161,0.24037307294515464,0.2056091104180385,0.17533268936169452,0.30852606437909297,0.19216139079668584,0.14046851685031866,0.13599479765846179,0.16067723146615884
<function vgg16_bn at 0x7fbb979b22f0>,<class 'torch.optim.adam.Adam'>,PReLU(num_parameters=1),2.0294457276662192,1.9511835483404307,1.6633631388346355,1.4562594370964246,1.3196746294315045,1.0846245777912629,3.1372949526860165,0.9887095338258988,1.5792095752862783,0.8413703777851202,1.2058036113396668,0.7594795945363167,0.7327072498125907,0.6756743727586209,0.5874564617108076,1.7841367568725195,0.6481916209061941,0.5932091336983901,0.6225702640337821,1.430010321812752,0.7848962163313841,0.8139115006495745,0.620503204755294,0.7628700312895652,0.775085679995708,0.6302548455886352,0.9367431371639936,0.7018723266246991,0.8089834818473229,0.6901803024304218
<function vgg16_bn at 0x7fbb979b22f0>,<class 'torch.optim.adam.Adam'>,CELU(alpha=1.0),3.879798530920958,2.4659141675019876,2.0693896966102794,1.8811940364348583,1.6562584559122722,1.509206081659366,1.3349399780615783,1.1647169794791783,1.0634242464334538,0.9736512006857456,0.8451928380208138,0.8064879044508323,0.7512850197461935,0.6808132575108454,0.6328942199548085,0.5838189815863585,0.521940366885601,0.5040843422596272,0.44565514211471263,0.3996913744088931,0.3520837433827229,0.30371686762724165,0.2934971674130513,0.26816477783215353,0.23044121124041386,0.19967843404947183,0.4731142368072119,0.21631314769769328,0.18998787720233967,0.15848912468705423
<function vgg16_bn at 0x7fbb979b22f0>,<class 'torch.optim.adam.Adam'>,CELU(alpha=1.0),2.069006063999274,2.073409230281145,1.8658529978532057,1.8806813894174037,1.8515301209229689,1.427830451574081,1.2991089606896424,1.1290787030489018,1.2002351574408703,0.9500775795716506,1.0305462800539458,0.8458167161696997,1.1601967215538025,0.9455102972495251,0.769443426376734,1.1379114664517915,1.009729536680075,0.7963794194735013,0.8662179326399778,0.6791509611484332,0.7259750427343906,0.6766484035895421,0.6272699878765986,0.7817716185863202,0.8759879210056403,0.7170799985910074,0.6158426663814447,0.660496419056868,3.42179580223866,0.7402880688508352
<function vgg16_bn at 0x7fbb979b22f0>,<class 'torch.optim.adam.Adam'>,Softplus(beta=1; threshold=20),3.845986367494632,2.2341928775493916,1.8294811328252156,1.5386548176789896,1.3342999134308253,1.1580852502431624,1.0235524724691343,0.909939521092635,0.8061386600518838,0.7479755187645937,0.6750477203956017,0.6137758184701968,0.5623820595252208,0.5023089677859576,0.49224864978056687,0.43958824964670035,0.41110832400811026,0.3660567194987566,0.3492943435143202,0.30025917031826116,0.2699665929262455,0.24887025004778152,0.23230735915593612,0.20127710039034868,0.1794712885450094,0.16444519112507502,0.14624462135327168,0.1416711745926967,0.13503779956163503,0.12133741363500937
<function vgg16_bn at 0x7fbb979b22f0>,<class 'torch.optim.adam.Adam'>,Softplus(beta=1; threshold=20),2.3103207502609644,1.9755330605384631,1.658857143842257,1.4677258424269848,1.2352808530514057,1.1198399678254738,1.021467231787168,1.0086449858469841,0.8596310187608768,0.7731629854593521,0.7748971077112051,0.7138157578615042,0.6959933944237537,0.6357446144788693,0.7741438532486941,0.6661228911998944,0.7473661318803445,0.687948920023747,0.6709138254324595,0.6569785628563318,0.7246529054947388,0.6457783625676081,0.6391863310948397,0.6192652002359048,0.6475252119394449,0.6599373282530369,0.7478354374567667,2.481833346379109,0.8771192049368833,0.7640517048346691
<function vgg16_bn at 0x7fbb979b22f0>,<class 'torch.optim.rmsprop.RMSprop'>,ELU(alpha=1.0),25105.70671463746,18905.818006124253,4022.2811596894876,83.35382017477964,75.84087581145458,74.13719548934546,70.74842012845554,76.05459037193886,76.49414283556816,77.12581023191794,76.32518607897636,77.775331839537,81.42064131712303,82.43983002687112,80.06212635529347,90.22429154224885,102.35117520063352,168.39739029713166,93.15568567911784,93.59826607337365,335.59938810299604,82.19719995351939,82.32134908040365,90.59402360182543,92.69925116514548,90.45336511073968,85.69354479863094,85.00773393679887,87.95602538279998,87.2613147637783
<function vgg16_bn at 0x7fbb979b22f0>,<class 'torch.optim.rmsprop.RMSprop'>,ELU(alpha=1.0),28.522858986487755,12.742171189723871,14.716970834976587,43.61603927612305,43.31878114357973,35.028223477877106,45.999675457294174,58.45366502419496,41.146232409354965,38.73556450085762,51.02068622295673,42.31057885976938,75.56511296981421,46.967953608586235,27.95485286223583,43.97999553191356,42.51988552778195,23.156698960524338,51.73209977761293,46.21462689913236,53.76423801519932,53.45361513969226,56.35742236406375,64.36282622508513,49.542394197904144,53.39684041341146,36.982581114157654,35.24254040840344,52.35629605024289,45.83628903902494
<function vgg16_bn at 0x7fbb979b22f0>,<class 'torch.optim.rmsprop.RMSprop'>,LeakyReLU(negative_slope=0.01),42596.83942964994,12108.853927044991,2778.257991106082,6320.617110951742,4470.345493363111,3556.501984845675,2574.6500684004563,1896.1592573116986,14.217426839241615,18.044821879802605,23.703369585673013,35.466131081947914,28.555864474712273,36.7205310075711,27.737280396926096,13.367259292113475,15.84327832246438,26.35358269153497,16.760036711815076,21.674772889797506,13.914804377922644,15.596562693669245,18.586734327903162,128.53854666978884,16.07136689944145,19.842439343379095,1147.9682283156958,75.59199145023639,11.195641903999524,30.746639651518603
<function vgg16_bn at 0x7fbb979b22f0>,<class 'torch.optim.rmsprop.RMSprop'>,LeakyReLU(negative_slope=0.01),60.54106141359378,272.9192595604139,183.94157162690774,372.63467563726965,402.01841479692706,303.68536396515674,104.37910979833359,17.568442485271355,133.2011984617282,79.35851118503473,358.093414746798,248.8438653823657,178.28790896366803,283.6264317708138,21.723501101518288,49.16555386934525,5.553086947172116,61.892186250442116,69.12692228341714,177.806096523236,125.72478497945346,41.25911273100437,55.3607126504947,131.18661700150906,26.732034096351036,11.998776154640394,2.5113470676617746,2.606845274949685,2.7510724801283617,2.5968064405979256
<function vgg16_bn at 0x7fbb979b22f0>,<class 'torch.optim.rmsprop.RMSprop'>,ReLU(inplace=True),42888.71548833114,180.72172229351142,15.937612103193235,9.915748164592646,3.1245893001556397,3.265330928411239,2.4554457028706866,2.400611491081042,2.398988067186796,2.338936355786446,2.352516144972581,2.3173074807876195,2.3203047226636837,2.325026711439475,2.3642387475722875,2.3154433653904842,2.3244066421802225,2.3154182568574564,3.9975288158808,2.3168993301880665,2.31642658160283,2.3158450407859608,2.3165639168176897,2.3361290234785814,2.3154579284863592,2.315322787945087,2.316789845931224,2.3156782309214274,2.3214392478649435,2.318538777033488
<function vgg16_bn at 0x7fbb979b22f0>,<class 'torch.optim.rmsprop.RMSprop'>,ReLU(inplace=True),2.386377548560118,2.3734934696784387,2.361819585164388,2.361951302259396,2.362138662582789,2.362032095591227,2.361882032492222,2.3621307825430846,2.362476734014658,2.362071850360968,2.3617766148004775,2.3620611337515025,2.3625513162368383,2.3618502739148264,2.361553002626468,2.3619215610699777,2.3622762178763366,2.3621369691995473,2.3624913753607335,2.362064844522721,2.3623870336092434,2.362182922852345,2.361806178704286,2.3621469827798696,2.3623181795462584,2.3619732673351583,2.3622758327386317,2.3616722424825034,2.3619750768710404,2.361849491412823
<function vgg16_bn at 0x7fbb979b22f0>,<class 'torch.optim.rmsprop.RMSprop'>,PReLU(num_parameters=1),84009.63515997789,6657.792524621425,938.4919021374141,919.8605611043099,1319.2128085344266,100.34878465945904,2642.4651225933662,73.28768929334787,149.01761938241813,31.739905006457597,12.38002075782189,24.060156796528744,26.99903349631872,17.18617270665291,42.171795376753195,28.59280322025984,26.789095625510583,43.74337787994972,13.137527789825048,36.68716793304834,31.21212804989937,30.903109329174725,12.526237231034498,74.52344625668648,25.17084921690134,45.320808674738956,29.463246255043224,35.70425583888323,37.81428100512578,42.223144522691385
<function vgg16_bn at 0x7fbb979b22f0>,<class 'torch.optim.rmsprop.RMSprop'>,PReLU(num_parameters=1),679.5784791983091,98.41320213904747,8.762872426937788,6.469270541117742,7.133300273846357,2.4672964964157496,4.953604331383338,2.551840812732012,7.925379942624997,40.25597976415585,19.03237586755019,402.5405159424513,133.46957755088806,70.45380430955153,54.275644791431915,30.013901722736847,75.618369946113,129.1176878122183,83.10885364581377,293.8851707348457,276.8795223297217,68.42916245949574,80.55479047237299,108.12961377853003,90.01221463007805,92.48008386905377,77.52058444267664,40.40114883887462,63.98897874049651,158.46487062405316
<function vgg16_bn at 0x7fbb979b22f0>,<class 'torch.optim.rmsprop.RMSprop'>,CELU(alpha=1.0),38376.08782359148,1660.6547624930358,562.8659032283686,2206.3327194018243,77.70902232634715,70.59761464045597,74.28829533503605,99.72657052064554,81.89817579220502,74.49548161824545,80.39564143449832,78.86992263793945,80.92515588418031,82.60676500369341,80.61902504945412,81.97027889153897,83.47379228640825,85.05107701619467,79.4773343795385,86.64456245226738,89.07079798380533,87.7445310543745,87.93502848698543,92.3747709812262,92.63053929255558,89.60210135044196,91.09465636228904,94.4187756269406,90.3597184401292,90.17637331057817
<function vgg16_bn at 0x7fbb979b22f0>,<class 'torch.optim.rmsprop.RMSprop'>,CELU(alpha=1.0),49.623104584522736,19.913462516589043,20.19943496508476,8.775983260228085,35.86745985960349,29.399089862138798,36.396725189991486,46.505635090363334,33.98990826729016,58.147078880896935,61.89934843014448,48.56135099362104,56.391929626464844,42.841876005515076,49.03415210430439,37.932399162879356,50.32682497073443,25.06336965316381,64.44641377375676,55.791367848714195,83.41447507418118,66.55262942191882,57.83546115190555,61.06223375369341,39.23989809476412,42.92870154747596,41.44769913110978,43.32400571382963,34.999449509840744,55.01152195074619
<function vgg16_bn at 0x7fbb979b22f0>,<class 'torch.optim.rmsprop.RMSprop'>,Softplus(beta=1; threshold=20),74461.86848819439,518.7115263083042,12.044351552082942,2.4694288632808585,2.3877432456383336,2.3157091214106633,2.3152702771700344,2.315294902752607,2.325016141549135,2.3154483941885142,2.3155593321873593,2.3239744651011933,2.318291447712825,2.315386866300534,2.341789173468565,2.315374891574566,2.3154852537008432,2.3160012440803723,2.3155400349543647,2.32725534194555,2.315204155750764,7.503738586719219,3.013991909760695,2.4216757052983993,2.3168967919471934,2.3162406016618777,2.315342362721761,2.670205912223229,2.315198828623845,2.3152010783171044
<function vgg16_bn at 0x7fbb979b22f0>,<class 'torch.optim.rmsprop.RMSprop'>,Softplus(beta=1; threshold=20),2.4741112085489125,2.387755186129839,2.3619094628554125,2.362050160383567,2.362116367388994,2.361851814465645,2.361669876636603,2.3616401232205906,2.3617717730693326,2.3617942272088466,2.362338494031857,2.361923425625532,2.3617725861378207,2.361789195965498,2.3624320274744277,2.362141101788252,2.3617833333137708,2.362427613674066,2.362483024597168,2.3620057228284006,2.362909048031538,2.363566906024248,2.3622746223058457,2.362678540058625,2.3619158267974854,2.3622320676461244,2.3619988514826846,2.362367189847506,2.362659215927124,2.3622711316133156
<function vgg16_bn at 0x7fce7a7c1d08>,<class 'torch.optim.sgd.SGD'>,ELU(alpha=1.0),2.1683452166043793,1.4113978960575202,1.0662947052564375,0.765652527870276,0.6061658448133713,0.5093908953361023,0.4601818200869438,0.41390084502024527,0.39102327808355675,0.3665653524490503,0.35751430697930164,0.34442493884991376,0.3275831587803669,0.33243297835191093,0.31442199647426605,0.30040798840614463,0.3006772484534826,0.2935074615172851,0.2882535187097696,0.276352126399676,0.2675797359301494,0.28505820769530077,0.26817958037822676,0.266073281566302,0.2592731410112136,0.25951257069141437,0.26597198171493336,0.2571749228697557,0.25979726780683565,0.250408243559874
<function vgg16_bn at 0x7fce7a7c1d08>,<class 'torch.optim.sgd.SGD'>,ELU(alpha=1.0),1.7328428274545915,1.5361723899841309,1.2260428667068481,1.0695345600446065,0.7721243959206802,1.2335236958968334,0.9497766617016915,0.9305634024815682,0.7479581710619804,0.8764302868109483,0.8458824486304553,0.7423822635259384,0.789173410489009,0.7008260152278802,0.7278850812178391,0.9979908817853683,0.7986459923096192,0.6454303570282764,0.8099560386095291,0.739902600263938,1.2460356278297229,1.0197665507976825,1.2518062423437069,0.7842968580050346,0.5871983269850413,0.734820333810953,0.7544616537216382,1.3504943480858436,0.889263350994159,0.8093238182556934
<function vgg16_bn at 0x7fce7a7c1d08>,<class 'torch.optim.sgd.SGD'>,LeakyReLU(negative_slope=0.01),1.644701627584604,1.1044602592786152,0.8254816174507141,0.6569547032698607,0.5615933540539864,0.49686942864687017,0.46473219776764896,0.43144592077304156,0.40126183797151616,0.3859983933277619,0.371198764978311,0.3751428539172197,0.35949290020343583,0.3386901264771437,0.33406241436799367,0.3285132500605705,0.3268534026084802,0.30840462400363045,0.3071015224242822,0.3002295467715997,0.3001884176945075,0.2949567165130224,0.29254179642750666,0.2832562331969921,0.2852880789683415,0.2881527570195687,0.2846327619674878,0.2690790438881287,0.2718199597719388,0.28317185048109444
<function vgg16_bn at 0x7fce7a7c1d08>,<class 'torch.optim.sgd.SGD'>,LeakyReLU(negative_slope=0.01),1.687484554755382,1.1961087156564763,0.9554846913386614,1.0378482616864717,0.7669003437726926,0.848520604463724,0.6767145425845416,0.9577015867600074,0.6988960305849711,0.8723012468753717,0.6932104077094641,0.7311747654890403,0.823260383728223,0.9700417457482754,1.9780471936250343,0.6221187015374502,1.320730596016615,0.792169852134509,0.9014122730646378,0.8443800073403579,0.798115461300581,0.690220907712594,0.805578133998773,0.8067380006496723,0.7709746697010138,0.9081573241796249,1.09786118605198,0.6887701688668667,0.7226803532013526,0.9756513390785608
<function vgg16_bn at 0x7fce7a7c1d08>,<class 'torch.optim.sgd.SGD'>,ReLU(inplace=True),1.6806162308423946,1.1117560903231303,0.8125767851487185,0.653821239563135,0.5698088075870122,0.5023531016631004,0.47431595157354306,0.4323089679846397,0.4044805537431668,0.39317298508607423,0.3820798329053781,0.37543435173156936,0.3539875353758152,0.34613602574055014,0.3436740613136536,0.3345841645430296,0.32217127359830416,0.31457253694534304,0.30707154885316507,0.3022005533942809,0.300203709036876,0.29475396458919234,0.2912884416870582,0.2986733928322792,0.2782239764928818,0.2889273371069859,0.2854446339683655,0.28977623142493075,0.2793551099606049,0.273686975469956
<function vgg16_bn at 0x7fce7a7c1d08>,<class 'torch.optim.sgd.SGD'>,ReLU(inplace=True),1.5368110124881451,1.284956122056032,0.9294968828176841,1.0030631728661366,1.2160690594942143,0.9381559353608352,0.8911967231677129,0.7782609508587763,0.7522087158300937,0.9212509500674713,0.9304787646501492,1.432902455329895,1.019618320159423,2.057675771224193,0.6372382717254834,1.0969355091070518,0.9909837903120579,1.4656598262297802,0.6552487351955512,1.0554771453906329,0.8628016710281372,0.813083026653681,0.8916867176691691,0.6706169117719699,0.7637856190021222,0.671195095930344,0.7347220931297693,1.008302593842531,0.587928077349296,0.6865790104254698
<function vgg16_bn at 0x7fce7a7c1d08>,<class 'torch.optim.sgd.SGD'>,PReLU(num_parameters=1),1.7037445105039157,1.130983056166233,0.804800041210957,0.6320058206717173,0.5284663793368217,0.47438132029313307,0.4336096082742398,0.39573607643445335,0.37441114966685957,0.3669087497087625,0.35150808233481184,0.3496140622175657,0.33476431041191784,0.33214147809224254,0.3294370329532868,0.3172890040354851,0.3077423443396886,0.3042047808949764,0.2945349632165371,0.301101950995433,0.29470235399710826,0.2907714440272405,0.28704982957778835,0.2871444345284731,0.296046357582777,0.28758332202067743,0.27695208623623235,0.2761233902894534,0.2698560417844699,0.2807853305951143
<function vgg16_bn at 0x7fce7a7c1d08>,<class 'torch.optim.sgd.SGD'>,PReLU(num_parameters=1),1.6489618802681947,1.2730722091136835,0.9317870308191348,1.0897583533556034,1.0101957198901055,0.8605146301098359,0.7337656089892755,1.0354300340016682,0.7004569501448901,1.1039211734747276,0.6661693774736844,0.7872071434289981,0.8857604601444342,0.7621326140868359,0.7112176418304443,0.810470278446491,0.8020457640672342,1.1893607423855708,1.0145734701401148,0.869597193522331,0.7028200129667918,1.366959226437104,0.8954035563346667,0.7026807696391375,0.7957634727160136,1.8028693413123107,0.8323939541975657,0.7838528018731338,0.611539907180346,0.7674490075844985
<function vgg16_bn at 0x7fce7a7c1d08>,<class 'torch.optim.sgd.SGD'>,CELU(alpha=1.0),2.005400304305248,1.254366348645626,0.9036946318088434,0.6823406647413205,0.5569916109244029,0.48882444271674524,0.4370770101363842,0.40033070223453715,0.3723915844391554,0.3548035259430225,0.3578748976572966,0.33806295715845547,0.32606505728684937,0.317554165996038,0.2985925733278959,0.296656282666402,0.2886872995358247,0.28491687079270683,0.28166938588405266,0.2761200051659193,0.26123734040138047,0.27088895195569745,0.26613232019620064,0.2576015978669509,0.26250677288342744,0.2583448939980605,0.2574231539399196,0.25172737393623745,0.25486330221860837,0.26535755017629037
<function vgg16_bn at 0x7fce7a7c1d08>,<class 'torch.optim.sgd.SGD'>,CELU(alpha=1.0),1.613160218947973,1.4149394279871232,1.0757381503398602,0.8669463380789145,0.8854552430984302,0.7614078980225784,0.8373117630298321,0.8123581210772196,0.7986642015285981,1.0555653006602557,0.6059124431548975,0.6972106649325445,0.7857016248580737,0.7387865399703001,0.7541887225248874,0.8367425814653054,0.8811119993527731,0.8637348337051196,0.9937104277121716,0.9007502213502542,0.9656357581798847,0.7453512106186304,0.7850054578903394,1.0484257172315548,0.7400018572807312,0.7884865876955863,0.9574156036743751,0.7121065778610034,0.7513606555950947,0.6912129529011555
<function vgg16_bn at 0x7fce7a7c1d08>,<class 'torch.optim.sgd.SGD'>,Softplus(beta=1; threshold=20),2.621262161548321,2.225590502910125,1.6698657017487746,1.1963662593792646,0.9121304836028662,0.7526139739232186,0.6383838895039681,0.5988531506978548,0.5402988398686434,0.5179591238498688,0.49717804621427486,0.48322795644784583,0.4766363316621536,0.44304000842265595,0.44577755912756306,0.41832951995042655,0.41013550697228845,0.41610643114799106,0.4037022290321497,0.3920579569462018,0.394362389200773,0.38183029018915615,0.3731540351341932,0.36111243749276184,0.38228381092731767,0.3570372230731524,0.36123129633756784,0.3606898470566823,0.3595771340223459,0.3638537164681997
<function vgg16_bn at 0x7fce7a7c1d08>,<class 'torch.optim.sgd.SGD'>,Softplus(beta=1; threshold=20),2.361735557898497,2.0509941975275674,2.131064017613729,1.2575567624507806,1.0170068068382068,1.164895222737239,0.9557287876422589,1.0998648466208043,1.105752053933266,0.8673919439315796,1.0600807208281298,0.7056240194883102,0.7897080641526443,1.628675525005047,0.8268952342944268,1.5384390354156494,0.8632513483365377,1.5342548596553314,0.8917326988318027,0.7514424476868067,0.6465523823713645,0.7246331755931561,0.9317787580001049,0.9207388957341512,0.8449685237346551,0.7760220338136722,0.8597972179070498,0.8206482789455316,1.2316446151488867,0.9492417833743951
